{
    "global evidence error": 0.010702330869219618,
    "global evidence": 130.28673075331903,
    "nested sampling global log-evidence": 132.4006233540024,
    "nested importance sampling global log-evidence": 130.28673075331903,
    "nested sampling global log-evidence error": 0.4124099414500761,
    "modes": [
        {
            "strictly local log-evidence error": 0.010702330869219618,
            "strictly local log-evidence": 130.28673075331903,
            "local log-evidence": 130.28673075331903,
            "mean": [
                2958.110813038146,
                -6221.020933910981,
                13685.886723833702,
                -15607.426912454555,
                9421.247506602644,
                -2783.123764108536,
                296.530434070192,
                0.04445335003865429
            ],
            "index": 0,
            "maximum a posterior": [
                3099.4761827152834,
                -7119.893664577388,
                16047.815496870222,
                -18890.75618993133,
                11968.274224207133,
                -3828.7598809561496,
                474.045939616346,
                0.04276727074353721
            ],
            "local log-evidence error": 0.010702330869219618,
            "sigma": [
                130.62303409124465,
                834.0117563975442,
                2201.256860713209,
                3074.1914585062427,
                2396.0443691959495,
                988.2553959215837,
                168.53318215458035,
                0.003010255472878669
            ],
            "maximum": [
                3099.4761827152834,
                -7119.893664577388,
                16047.815496870222,
                -18890.75618993133,
                11968.274224207133,
                -3828.7598809561496,
                474.045939616346,
                0.04276727074353721
            ]
        }
    ],
    "nested importance sampling global log-evidence error": 0.010702330869219618,
    "marginals": [
        {
            "q10%": 2777.12391299383,
            "median": 2974.759503808268,
            "q75%": 3062.8732040662244,
            "q90%": 3110.95239991834,
            "q25%": 2878.373370360531,
            "2sigma": [
                2653.1530556240114,
                3141.123508775582
            ],
            "q01%": 2588.254740866951,
            "1sigma": [
                2825.2537954553727,
                3091.3528287254135
            ],
            "5sigma": [
                2071.6974479521996,
                3190.897329213917
            ],
            "q99%": 3151.2361775462605,
            "3sigma": [
                2466.2229078059,
                3169.5311011135113
            ],
            "sigma": 133.04951663502038
        },
        {
            "q10%": -7197.748620405734,
            "median": -6336.712074927302,
            "q75%": -5716.250644567521,
            "q90%": -5061.38041570423,
            "q25%": -6890.734890811609,
            "2sigma": [
                -7372.525434661274,
                -4261.002012181387
            ],
            "q01%": -7428.468765707449,
            "1sigma": [
                -7081.047754497317,
                -5372.724103014886
            ],
            "5sigma": [
                -7599.916921534657,
                -591.976511088373
            ],
            "q99%": -3843.735583488692,
            "3sigma": [
                -7497.262694940558,
                -3106.164981306581
            ],
            "sigma": 854.1618257412156
        },
        {
            "q10%": 10625.803165540907,
            "median": 13995.06930968379,
            "q75%": 15448.236046877264,
            "q90%": 16277.037053708958,
            "q25%": 12357.530136663943,
            "2sigma": [
                8482.910437427465,
                16713.4993485434
            ],
            "q01%": 7374.728998235943,
            "1sigma": [
                11486.62944102458,
                15954.481219635938
            ],
            "5sigma": [
                -1066.9584485023677,
                17008.971075195346
            ],
            "q99%": 16793.416033152283,
            "3sigma": [
                5542.078063929615,
                16898.73921914469
            ],
            "sigma": 2233.9258893056794
        },
        {
            "q10%": -19233.779275517772,
            "median": -16019.347576328835,
            "q75%": -13757.360282967735,
            "q90%": -11336.838021968912,
            "q25%": -18081.9865038467,
            "2sigma": [
                -19810.611152663492,
                -8298.804528179935
            ],
            "q01%": -19916.631372925083,
            "1sigma": [
                -18804.218560811714,
                -12564.962788345676
            ],
            "5sigma": [
                -19997.776392472202,
                4803.008084774796
            ],
            "q99%": -6890.482792594973,
            "3sigma": [
                -19981.731557375955,
                -4302.677564944163
            ],
            "sigma": 3119.627886233019
        },
        {
            "q10%": 6083.217464492905,
            "median": 9746.271831169815,
            "q75%": 11345.77910711868,
            "q90%": 12238.012510188084,
            "q25%": 7988.9769600271065,
            "2sigma": [
                3702.5807026364214,
                12693.797924408893
            ],
            "q01%": 2651.754572792757,
            "1sigma": [
                7044.9127667023195,
                11901.54308953092
            ],
            "5sigma": [
                -6313.616204191207,
                13089.784640337906
            ],
            "q99%": 12789.71904209286,
            "3sigma": [
                614.5271330238461,
                12923.08365047999
            ],
            "sigma": 2428.3151614143003
        },
        {
            "q10%": -3940.2513545486213,
            "median": -2920.1738790144195,
            "q75%": -2184.661307053276,
            "q90%": -1413.9887912657384,
            "q25%": -3572.852742498552,
            "2sigma": [
                -4138.504932415912,
                -416.7461891738269
            ],
            "q01%": -4191.367595759158,
            "1sigma": [
                -3810.455789017598,
                -1809.149554815767
            ],
            "5sigma": [
                -4429.19578562147,
                3620.5460332626385
            ],
            "q99%": -6.9311435434953825,
            "3sigma": [
                -4292.244901239669,
                839.6664797217438
            ],
            "sigma": 1000.6531171009154
        },
        {
            "q10%": 64.7359489121764,
            "median": 320.40259357202916,
            "q75%": 430.20670365175016,
            "q90%": 495.2604989131312,
            "q25%": 195.49878553051977,
            "2sigma": [
                -108.02087100007535,
                529.1028305993241
            ],
            "q01%": -177.88897851660064,
            "1sigma": [
                129.7453891697475,
                469.7130578555864
            ],
            "5sigma": [
                -779.4966967844023,
                604.0433023439587
            ],
            "q99%": 541.0199921681894,
            "3sigma": [
                -318.96418602256375,
                565.5412637916596
            ],
            "sigma": 169.98383434291944
        },
        {
            "q10%": 0.04075002172507538,
            "median": 0.04432414384544867,
            "q75%": 0.04639864094204669,
            "q90%": 0.048345136924633034,
            "q25%": 0.042317246241420026,