{
    "global evidence error": 0.05426544160726377,
    "global evidence": -184.4736856864696,
    "modes": [
        {
            "strictly local log-evidence error": 0.05426544160726377,
            "maximum": [
                7.467946925706656,
                -2.5671333161227494,
                -0.03960862596318293,
                0.011443813235928246,
                0.060584554638467125,
                0.8967694227170152,
                80.16111702080575,
                19.17607034966529,
                0.9997940665327569
            ],
            "strictly local log-evidence": -184.4736856864696,
            "local log-evidence": -184.4736856864696,
            "maximum a posterior": [
                7.467946925706656,
                -2.5671333161227494,
                -0.03960862596318293,
                0.011443813235928246,
                0.060584554638467125,
                0.8967694227170152,
                80.16111702080575,
                19.17607034966529,
                0.9997940665327569
            ],
            "index": 0,
            "sigma": [
                0.0002297812320843913,
                0.001480779539454932,
                0.005513229136245904,
                0.02431991512856642,
                0.06438357639989663,
                0.4258586545549624,
                5.221240245373976,
                7.346222762892895,
                8.119186580461515e-05
            ],
            "mean": [
                7.467790388181694,
                -2.5685391139810743,
                -0.0395611807324079,
                0.032752357049277016,
                0.09988233328507856,
                0.6522797108265763,
                79.0134079610263,
                16.919297232660966,
                0.9998634478692373
            ],
            "local log-evidence error": 0.05426544160726377
        }
    ],
    "nested importance sampling global log-evidence": -184.4736856864696,
    "nested sampling global log-evidence": -184.03358302297605,
    "nested importance sampling global log-evidence error": 0.05426544160726377,
    "nested sampling global log-evidence error": 0.4279974346914267,
    "marginals": [
        {
            "q75%": 7.467913806512682,
            "q01%": 7.467453004075423,
            "2sigma": [
                7.467474906655208,
                7.468347062170899
            ],
            "q10%": 7.467544680201985,
            "sigma": 0.00023181205170841324,
            "5sigma": [
                7.467179769618746,
                7.468593934123549
            ],
            "median": 7.467740979219769,
            "q90%": 7.468150523405792,
            "q25%": 7.467614746380792,
            "q99%": 7.46839914925714,
            "1sigma": [
                7.467574133516935,
                7.468037757620352
            ],
            "3sigma": [
                7.467370019618309,
                7.468461715276599
            ]
        },
        {
            "q75%": -2.567678784033564,
            "q01%": -2.571524886659948,
            "2sigma": [
                -2.5710367923713493,
                -2.5651036365057984
            ],
            "q10%": -2.5703137880089466,
            "sigma": 0.0014295738835081728,
            "5sigma": [
                -2.573511724912447,
                -2.561629000559456
            ],
            "median": -2.5687165533223877,
            "q90%": -2.566567889467482,
            "q25%": -2.5695402539448255,
            "q99%": -2.564306508051911,
            "1sigma": [
                -2.569957262395775,
                -2.5670981146287586
            ],
            "3sigma": [
                -2.5721155807383025,
                -2.5635087468035476
            ]
        },
        {
            "q75%": -0.03572225886756048,
            "q01%": -0.05334976621152276,
            "2sigma": [
                -0.051443865649055565,
                -0.029714754528664677
            ],
            "q10%": -0.04727130047062711,
            "sigma": 0.0055739314772304364,
            "5sigma": [
                -0.05937903427995535,
                -0.015172123871066853
            ],
            "median": -0.039017850020540604,
            "q90%": -0.03313875315556023,
            "q25%": -0.04306237752385128,
            "q99%": -0.027696785044520285,
            "1sigma": [
                -0.0453590325631422,
                -0.03421116960868133
            ],
            "3sigma": [
                -0.05720251628536318,
                -0.024692877364312714
            ]
        },
        {
            "q75%": 0.04970534527409283,
            "q01%": -0.026022843755037658,
            "2sigma": [
                -0.018639564699776283,
                0.07750333033910049
            ],
            "q10%": 0.0025357867070586798,
            "sigma": 0.024129515337725838,
            "5sigma": [
                -0.090487975264183,
                0.1366070526736655
            ],
            "median": 0.03334482388404556,
            "q90%": 0.06299487403488084,
            "q25%": 0.01686916130522882,
            "q99%": 0.08759834555415562,
            "1sigma": [
                0.009188190875626948,
                0.05744722155107862
            ],
            "3sigma": [
                -0.04631889520364335,
                0.10288547209029889
            ]
        },
        {
            "q75%": 0.14191932435854687,
            "q01%": -0.06019975163916975,
            "2sigma": [
                -0.033713724627970516,
                0.22764905343522865
            ],
            "q10%": 0.016174974712026457,
            "sigma": 0.06204323911897493,
            "5sigma": [
                -0.22666857638822568,
                0.379540847728739
            ],
            "median": 0.10150075432170043,
            "q90%": 0.17928055538364804,
            "q25%": 0.057393603356635646,
            "q99%": 0.24729348555509312,
            "1sigma": [
                0.037038959814501,
                0.16112543805245086
            ],
            "3sigma": [
                -0.10667893777509706,
                0.28168125095361995
            ]
        },
        {
            "q75%": 0.928026268490593,
            "q01%": 0.019345720501560994,
            "2sigma": [
                0.05219821391976065,
                1.5874197248987811
            ],
            "q10%": 0.16174802236098254,
            "sigma": 0.4570668717799367,
            "5sigma": [
                0.00010907509162414863,
                1.9643090322842398
            ],
            "median": 0.5607393981418842,
            "q90%": 1.3080903686656093,
            "q25%": 0.3236278034220334,
            "q99%": 1.714797725191962,
            "1sigma": [
                0.228833912832518,
                1.1429676563923914
            ],
            "3sigma": [
                0.000860299936373276,
                1.806325444607231
            ]
        },
        {
            "q75%": 83.00712118011523,
            "q01%": 67.46001133267464,
            "2sigma": [
                69.12637034614283,
                88.49309015659455
            ],
            "q10%": 71.87445771419496,
            "sigma": 5.6424181060409495,
            "5sigma": [
                62.526126748284646,
                89.990233288846
            ],
            "median": 79.11202992874301,
            "q90%": 86.03194876390126,
            "q25%": 75.11688474306382,
            "q99%": 89.33909511154118,
            "1sigma": [
                73.3072124228317,
                84.5920486349136
            ],