{
    "nested sampling global log-evidence": 12.774006578157183,
    "modes": [
        {
            "strictly local log-evidence error": 0.014066334971714814,
            "mean": [
                1814.2597914999806,
                53.96275115052558,
                -179.70039225608213,
                61.71111471746971,
                0.16119916887535352
            ],
            "strictly local log-evidence": 11.57987288363945,
            "index": 0,
            "local log-evidence error": 0.014066334971714814,
            "sigma": [
                2.6246823513541084,
                8.502939446592112,
                9.028379203113749,
                3.141476841617509,
                0.010608756650561744
            ],
            "local log-evidence": 11.57987288363945,
            "maximum": [
                1814.6042017869622,
                52.77335456606761,
                -178.35521769254956,
                61.22020116696331,
                0.15473411224971167
            ],
            "maximum a posterior": [
                1814.6042017869622,
                52.77335456606761,
                -178.35521769254956,
                61.22020116696331,
                0.15473411224971167
            ]
        }
    ],
    "global evidence error": 0.014066334971714814,
    "nested importance sampling global log-evidence": 11.57987288363945,
    "nested importance sampling global log-evidence error": 0.014066334971714814,
    "global evidence": 11.57987288363945,
    "nested sampling global log-evidence error": 0.3001186123736749,
    "marginals": [
        {
            "median": 1814.2157606576195,
            "5sigma": [
                1800.3604388320198,
                1828.0181171459215
            ],
            "1sigma": [
                1811.6351080424506,
                1816.9053538511248
            ],
            "q99%": 1820.3219189546212,
            "q10%": 1810.8775689769907,
            "2sigma": [
                1808.8556073467585,
                1819.3048749006637
            ],
            "3sigma": [
                1806.2219533181512,
                1821.9600280871384
            ],
            "sigma": 2.635122904337095,
            "q25%": 1812.5420092754418,
            "q01%": 1808.0030599628737,
            "q75%": 1816.067122779141,
            "q90%": 1817.6003710372754
        },
        {
            "median": 54.08885014776135,
            "5sigma": [
                9.778933626047628,
                99.05550392938297
            ],
            "1sigma": [
                45.39232068311564,
                62.385910370924904
            ],
            "q99%": 73.97206900687566,
            "q10%": 43.19243755248149,
            "2sigma": [
                37.63388357921867,
                71.60769891516415
            ],
            "3sigma": [
                29.339662749258494,
                80.47623571079085
            ],
            "sigma": 8.496794843904631,
            "q25%": 48.024713519369755,
            "q01%": 34.24217762410203,
            "q75%": 59.601233287704275,
            "q90%": 65.00290298575362
        },
        {
            "median": -179.8323612457784,
            "5sigma": [
                -227.98202418171093,
                -133.69729693513278
            ],
            "1sigma": [
                -188.70096007874008,
                -170.6024182794211
            ],
            "q99%": -159.08136762969323,
            "q10%": -191.3879208149179,
            "2sigma": [
                -198.41585069123994,
                -162.3838967038584
            ],
            "3sigma": [
                -208.19458567673314,
                -153.94054857206717
            ],
            "sigma": 9.04927089965949,
            "q25%": -185.7563030156605,
            "q01%": -200.778344499817,
            "q75%": -173.51584614437937,
            "q90%": -168.2848145490055
        },
        {
            "median": 61.71577984149936,
            "5sigma": [
                45.38069884047569,
                78.71810255198787
            ],
            "1sigma": [
                58.52242074725741,
                64.83230740700094
            ],
            "q99%": 69.05362541361967,
            "q10%": 57.717778936492174,
            "2sigma": [
                55.60929491470052,
                68.18145657741853
            ],
            "3sigma": [
                52.71323743300321,
                71.68593858347033
            ],
            "sigma": 3.1549433298717666,
            "q25%": 59.55379662200528,
            "q01%": 54.501332659604785,
            "q75%": 63.811901095966306,
            "q90%": 65.7848400472888
        },
        {
            "median": 0.1604023306722631,
            "5sigma": [
                0.12327368386242069,
                0.23312759056634225
            ],
            "1sigma": [
                0.15095821950603344,
                0.17215899959760436
            ],
            "q99%": 0.18923743937392684,
            "q10%": 0.14816989469745254,
            "2sigma": [
                0.14213755491005525,
                0.18385971939968548
            ],
            "3sigma": [
                0.13357942500604117,
                0.19753823537519524
            ],
            "sigma": 0.01060039004578546,
            "q25%": 0.15374897624707404,
            "q01%": 0.13996016207300183,
            "q75%": 0.16789153564533793,
            "q90%": 0.17504617340619683
        }
    ]
}