{
    "marginals": [
        {
            "2sigma": [
                7.467364169189148,
                7.4683533527395065
            ],
            "5sigma": [
                7.4670265735066605,
                7.468736797646708
            ],
            "sigma": 0.00025705912042006673,
            "median": 7.467701911469165,
            "1sigma": [
                7.4675052465247065,
                7.468019364765547
            ],
            "q75%": 7.467900383536444,
            "q99%": 7.468448335357577,
            "q01%": 7.467307562536763,
            "q90%": 7.468139642882624,
            "3sigma": [
                7.467247263833759,
                7.468601552606503
            ],
            "q25%": 7.467554655141277,
            "q10%": 7.467462827797915
        },
        {
            "2sigma": [
                -2.5732364563511148,
                -2.5662030511680487
            ],
            "5sigma": [
                -2.577124560931034,
                -2.5631625603674113
            ],
            "sigma": 0.0017984747456216699,
            "median": -2.5695731066973937,
            "1sigma": [
                -2.571342752095271,
                -2.5677458026040276
            ],
            "q75%": -2.5684059762005127,
            "q99%": -2.5656365486057497,
            "q01%": -2.5738690424798953,
            "q90%": -2.5671884570693337,
            "3sigma": [
                -2.5752630202528772,
                -2.564920101747925
            ],
            "q25%": -2.570776263095985,
            "q10%": -2.571990967069713
        },
        {
            "2sigma": [
                -0.0643308345400781,
                -0.007959476761917068
            ],
            "5sigma": [
                -0.10510056656476803,
                0.026744581913767985
            ],
            "sigma": 0.013674922218211583,
            "median": -0.03263738399787392,
            "1sigma": [
                -0.04653584668694423,
                -0.019186002250521063
            ],
            "q75%": -0.023504908791868413,
            "q99%": -0.004478859738891306,
            "q01%": -0.06937230835387602,
            "q90%": -0.015980036580782328,
            "3sigma": [
                -0.07852124213714572,
                0.005962917134789211
            ],
            "q25%": -0.041635059280291875,
            "q10%": -0.05119469582286442
        },
        {
            "2sigma": [
                -0.013141720411353862,
                0.11883373881938632
            ],
            "5sigma": [
                -0.1275716891834606,
                0.20978835900758208
            ],
            "sigma": 0.032746524401012105,
            "median": 0.05011904916902978,
            "1sigma": [
                0.01864501650768358,
                0.08413806530970779
            ],
            "q75%": 0.07226234421361691,
            "q99%": 0.13748986363367247,
            "q01%": -0.023515828393486364,
            "q90%": 0.0953027629225587,
            "3sigma": [
                -0.04437855186765957,
                0.16803972021393176
            ],
            "q25%": 0.028715066498497706,
            "q10%": 0.010603816668447289
        },
        {
            "2sigma": [
                -0.4494563365234708,
                0.43364485037066625
            ],
            "5sigma": [
                -1.088558688841918,
                1.283792479010325
            ],
            "sigma": 0.21916703945604565,
            "median": -0.031608365942545666,
            "1sigma": [
                -0.2448856766577365,
                0.1934484022543548
            ],
            "q75%": 0.11466173785385705,
            "q99%": 0.5277655877660999,
            "q01%": -0.5120605827913397,
            "q90%": 0.2713507066164941,
            "3sigma": [
                -0.6999878087014149,
                0.712257281983334
            ],
            "q25%": -0.1752757433078025,
            "q10%": -0.3051821349158506
        },
        {
            "2sigma": [
                0.057413418464408617,
                1.7338294701366972
            ],
            "5sigma": [
                1.555115905194494e-05,
                1.9899247493350618
            ],
            "sigma": 0.5192142618377114,
            "median": 0.7051795900999669,
            "1sigma": [
                0.2667009292615744,
                1.3051294529369972
            ],
            "q75%": 1.0982632921372475,
            "q99%": 1.841841862300924,
            "q01%": 0.023226152432229998,
            "q90%": 1.4716423697348702,
            "3sigma": [
                0.0012459979609442656,
                1.964306413494769
            ],
            "q25%": 0.3704381306852281,
            "q10%": 0.1872767037096974
        },
        {
            "2sigma": [
                61.20346689087587,
                87.63274727964969
            ],
            "5sigma": [
                60.002716489334446,
                89.93079596192204
            ],
            "sigma": 8.727771442138,
            "median": 73.373981510833,
            "1sigma": [
                65.18103950965877,
                82.63658239393477
            ],
            "q75%": 79.8676898420929,
            "q99%": 88.7309681192907,
            "q01%": 60.421210132354794,
            "q90%": 84.68897730428135,
            "3sigma": [
                60.09528641969636,
                89.84157470730437
            ],
            "q25%": 67.25916618496713,
            "q10%": 63.74514729883803
        },
        {
            "2sigma": [
                2.1381094413392066,
                28.857145801777424
            ],
            "5sigma": [
                0.01630393814100844,
                29.99268051549213
            ],
            "sigma": 8.435144180918469,
            "median": 17.6430564293299,
            "1sigma": [
                8.188750923414652,
                25.05903928525159
            ],
            "q75%": 23.04652389522225,
            "q99%": 29.54647489574315,
            "q01%": 0.6894882565014219,
            "q90%": 26.533549504176026,
            "3sigma": [
                0.06071724210149177,
                29.959883132981265
            ],
            "q25%": 11.187457566086941,
            "q10%": 6.062966740067374
        },
        {
            "2sigma": [
                0.9996221589619689,
                0.9999884412043817
            ],
            "5sigma": [
                0.9994725053995692,
                0.9999997571021718
            ],
            "sigma": 0.00010464163469975363,
            "median": 0.999854982854975,
            "1sigma": [
                0.999735517196906,
                0.9999448004663055
            ],
            "q75%": 0.9999203903541614,
            "q99%": 0.9999951445196812,
            "q01%": 0.9995822881368932,
            "q90%": 0.999960688022916,
            "3sigma": [
                0.9995059932937067,
                0.9999995485551739
            ],
            "q25%": 0.9997772196613326,
            "q10%": 0.9996979529402941
        }
    ],
    "nested sampling global log-evidence": -159.53881745266997,
    "modes": [
        {
            "maximum": [
                7.467948812064606,
                -2.568890646351747,
                -0.038491792708214234,
                0.0416305272332238,
                0.004817760116225145,
                0.8411066759064914,
                75.49105292514037,
                21.578928991660874,
                0.9996921735189821
            ],