{
    "nested importance sampling global log-evidence error": 0.01376407741691546,
    "global evidence error": 0.01376407741691546,
    "modes": [
        {
            "sigma": [
                29.310584777413016,
                156.7640126922105,
                331.96220986727366,
                347.8939288362606,
                180.44287700116445,
                37.06031065237644,
                0.003056990678155794
            ],
            "strictly local log-evidence": 135.17899504216288,
            "mean": [
                2734.7098287163103,
                -4783.268759382854,
                9865.554808065164,
                -10243.03391494548,
                5223.025371314402,
                -1046.7799162594988,
                0.045045143221673155
            ],
            "maximum": [
                2715.7707296218978,
                -4680.473005881924,
                9644.66618901823,
                -10008.121858517936,
                5099.369856332829,
                -1021.0024848064877,
                0.04456398871430746
            ],
            "local log-evidence error": 0.01376407741691546,
            "index": 0,
            "strictly local log-evidence error": 0.01376407741691546,
            "maximum a posterior": [
                2715.7707296218978,
                -4680.473005881924,
                9644.66618901823,
                -10008.121858517936,
                5099.369856332829,
                -1021.0024848064877,
                0.04456398871430746
            ],
            "local log-evidence": 135.17899504216288
        }
    ],
    "global evidence": 135.17899504216288,
    "marginals": [
        {
            "median": 2734.522348853167,
            "5sigma": [
                2584.7456236374273,
                2880.889434732919
            ],
            "q01%": 2669.367516895627,
            "q75%": 2753.698465876476,
            "3sigma": [
                2640.195920083321,
                2826.988190875109
            ],
            "2sigma": [
                2678.6356134902885,
                2794.7285894259758
            ],
            "q10%": 2697.283030824915,
            "q99%": 2804.116698752589,
            "sigma": 29.412990878805658,
            "q90%": 2771.883608597821,
            "1sigma": [
                2705.009590391448,
                2763.8355721490593
            ],
            "q25%": 2714.919244251863
        },
        {
            "median": -4782.4246420044565,
            "5sigma": [
                -5576.1820031683055,
                -3978.4859643229224
            ],
            "q01%": -5155.547564386984,
            "q75%": -4677.96415355302,
            "3sigma": [
                -5281.999396165611,
                -4277.556109881417
            ],
            "2sigma": [
                -5102.6546341418025,
                -4485.583195557928
            ],
            "q10%": -4982.658128211687,
            "q99%": -4431.990485933077,
            "sigma": 156.8680873882081,
            "q90%": -4582.085140778666,
            "1sigma": [
                -4938.498967164129,
                -4624.762792387713
            ],
            "q25%": -4885.917764721421
        },
        {
            "median": 9865.403898691737,
            "5sigma": [
                8155.857946755369,
                11561.67189709241
            ],
            "q01%": 9113.451551572014,
            "q75%": 10081.971446406635,
            "3sigma": [
                8791.892084421652,
                10929.511268241382
            ],
            "2sigma": [
                9234.461977893634,
                10536.29558242579
            ],
            "q10%": 9439.996365689904,
            "q99%": 10654.484537415865,
            "sigma": 330.58753583073667,
            "q90%": 10287.611559463505,
            "1sigma": [
                9531.531258941579,
                10192.706330603052
            ],
            "q25%": 9640.589252095691
        },
        {
            "median": -10242.921614048648,
            "5sigma": [
                -12041.733559300626,
                -8450.810542801664
            ],
            "q01%": -11067.697602776565,
            "q75%": -10007.832454579875,
            "3sigma": [
                -11366.47161144424,
                -9117.09845906845
            ],
            "2sigma": [
                -10944.398004608385,
                -9584.587249967439
            ],
            "q10%": -10688.674193835672,
            "q99%": -9458.909430869458,
            "sigma": 348.02666560221314,
            "q90%": -9798.457815181713,
            "1sigma": [
                -10587.540648147886,
                -9891.48731694346
            ],
            "q25%": -10470.328973854213
        },
        {
            "median": 5221.993219609625,
            "5sigma": [
                4293.490802998532,
                6162.599606195976
            ],
            "q01%": 4812.879403389675,
            "q75%": 5340.367863272509,
            "3sigma": [
                4638.483182345676,
                5804.830745995963
            ],
            "2sigma": [
                4882.086377261377,
                5584.75671620221
            ],
            "q10%": 4991.801172470562,
            "q99%": 5648.841601326948,
            "sigma": 179.27049878106527,
            "q90%": 5454.417285503164,
            "1sigma": [
                5041.416479537573,
                5399.957477099703
            ],
            "q25%": 5100.906943411316
        },
        {
            "median": -1046.790852774372,
            "5sigma": [
                -1241.6052392472432,
                -856.272405630799
            ],
            "q01%": -1134.9378196266669,
            "q75%": -1021.6360948156301,
            "3sigma": [
                -1165.252374842942,
                -928.6226011006949
            ],
            "2sigma": [
                -1121.46230962617,
                -976.8958473332916
            ],
            "q10%": -1094.0267302408738,
            "q99%": -961.3855272087237,
            "sigma": 36.53547857244354,
            "q90%": -999.011159971016,
            "1sigma": [
                -1082.6266614820465,
                -1009.5557043371595
            ],
            "q25%": -1071.130133505391
        },
        {
            "median": 0.044823112753154044,
            "5sigma": [
                0.03459038463878286,
                0.06477071975406151
            ],
            "q01%": 0.03865074051233679,
            "q75%": 0.047060553705527045,
            "3sigma": [
                0.03728933037654522,
                0.05552217123451463
            ],
            "2sigma": [
                0.0395444659881115,
                0.05151753612556651
            ],
            "q10%": 0.041296697631019126,
            "q99%": 0.05299050217242747,
            "sigma": 0.0030609149081478014,
            "q90%": 0.04906613884690197,
            "1sigma": [
                0.04201762851277651,
                0.04813945832907211
            ],
            "q25%": 0.04292838196213732
        }
    ],
    "nested importance sampling global log-evidence": 135.17899504216288,
    "nested sampling global log-evidence error": 0.396511012321134,
    "nested sampling global log-evidence": 136.320684310187
}