{
    "global evidence error": 0.21518341629678764,
    "nested sampling global log-evidence": 36.70486845116607,
    "nested importance sampling global log-evidence": 33.22915966709354,
    "nested importance sampling global log-evidence error": 0.21518341629678764,
    "modes": [
        {
            "strictly local log-evidence error": 0.21518341629678764,
            "maximum a posterior": [
                11.140424855283904,
                -24.30559807435131,
                44.99360881689688,
                -39.23077202055434,
                12.386221140333916,
                0.034595318012502436,
                60.43541765457464,
                4.106364180335045,
                5.96965984361309
            ],
            "sigma": [
                3.774762884481127,
                16.329178652931617,
                26.164305028969327,
                18.41619675962846,
                4.806483159291939,
                0.5833928664883418,
                12.406781406665836,
                11.324202156598766,
                2.893147036596605
            ],
            "mean": [
                5.368251460877284,
                0.8317989930107998,
                4.514671120095555,
                -10.65021346556803,
                4.916948720439902,
                0.9604361493740126,
                19.012334977776938,
                16.97440832400385,
                5.184484716142416
            ],
            "local log-evidence": 33.22915966709354,
            "maximum": [
                11.140424855283904,
                -24.30559807435131,
                44.99360881689688,
                -39.23077202055434,
                12.386221140333916,
                0.034595318012502436,
                60.43541765457464,
                4.106364180335045,
                5.96965984361309
            ],
            "local log-evidence error": 0.21518341629678764,
            "strictly local log-evidence": 33.22915966709354,
            "index": 0
        }
    ],
    "nested sampling global log-evidence error": 0.26593635727027687,
    "marginals": [
        {
            "3sigma": [
                -2.6710967544954576,
                12.102493025268576
            ],
            "q10%": 0.055227689315504,
            "q90%": 10.420805543096709,
            "5sigma": [
                -3.1072247218532265,
                12.52000924596565
            ],
            "q25%": 2.3952153073664695,
            "q75%": 8.478986642605811,
            "q99%": 11.700870091273913,
            "2sigma": [
                -1.8401914618680348,
                11.439496609800344
            ],
            "q01%": -2.276681582615134,
            "1sigma": [
                1.008776966267313,
                9.65923370653473
            ],
            "median": 5.577398315828631,
            "sigma": 4.325228370133709
        },
        {
            "3sigma": [
                -27.714583335689515,
                35.0298423913704
            ],
            "q10%": -21.150685043266254,
            "q90%": 23.608289670951446,
            "5sigma": [
                -28.391750294860973,
                36.12923044176222
            ],
            "q25%": -12.67198617734005,
            "q75%": 13.817611504876783,
            "q99%": 33.513768722238986,
            "2sigma": [
                -25.645581417702314,
                31.920456584366494
            ],
            "q01%": -26.63776167172209,
            "1sigma": [
                -17.75976383823295,
                19.602693318547384
            ],
            "median": -0.0885790472179243,
            "sigma": 18.68122857839017
        },
        {
            "3sigma": [
                -49.67920302115365,
                49.90685520290766
            ],
            "q10%": -32.68199777571735,
            "q90%": 39.43291240596282,
            "5sigma": [
                -49.9334870519505,
                49.95501337266573
            ],
            "q25%": -15.948925629536648,
            "q75%": 25.901422701823407,
            "q99%": 48.50278259209521,
            "2sigma": [
                -45.42042913591386,
                46.631500011124
            ],
            "q01%": -47.88066621888664,
            "1sigma": [
                -25.41885278501697,
                34.293557985856204
            ],
            "median": 6.117043776887601,
            "sigma": 29.85620538543659
        },
        {
            "3sigma": [
                -42.97989671673012,
                27.676687351767576
            ],
            "q10%": -35.14543231735787,
            "q90%": 15.51084682305265,
            "5sigma": [
                -44.40418384626817,
                29.34543206734767
            ],
            "q25%": -25.918529835442488,
            "q75%": 3.7038272062468547,
            "q99%": 26.096873807618547,
            "2sigma": [
                -40.30582482632007,
                24.174869875530334
            ],
            "q01%": -41.906482803965375,
            "1sigma": [
                -31.471885217274117,
                10.382696229314389
            ],
            "median": -11.64731706877649,
            "sigma": 20.927290723294252
        },
        {
            "3sigma": [
                -5.285623039099414,
                13.577704344570899
            ],
            "q10%": -1.9231960746165289,
            "q90%": 11.28729031323605,
            "5sigma": [
                -6.055329229263887,
                14.322214395788817
            ],
            "q25%": 1.208562324919596,
            "q75%": 8.929726725923382,
            "q99%": 13.094254811923687,
            "2sigma": [
                -4.129008480391008,
                12.638099380355175
            ],
            "q01%": -4.650065278723644,
            "1sigma": [
                -0.5740851091963184,
                10.351250717805597
            ],
            "median": 5.13261758259518,
            "sigma": 5.462667913500957
        },
        {
            "3sigma": [
                0.002415191955854341,
                1.995753679546719
            ],
            "q10%": 0.1710034480918591,
            "q90%": 1.785557700040215,
            "5sigma": [
                0.0005843296335297645,
                1.9989272298987397
            ],
            "q25%": 0.45940854690937005,
            "q75%": 1.4572852481753842,
            "q99%": 1.9755343266905705,
            "2sigma": [
                0.03230548389096656,
                1.9530722389014807
            ],
            "q01%": 0.01106489225493187,
            "1sigma": [
                0.2834983931075743,
                1.6695964220905357
            ],
            "median": 0.9296802464664085,
            "sigma": 0.6930490144914807
        },
        {
            "3sigma": [
                0.05689324759518471,
                60.41764541158847
            ],
            "q10%": 3.45571769918371,
            "q90%": 36.87000423021054,
            "5sigma": [
                0.005193727163827377,
                65.42577623925558
            ],
            "q25%": 8.725969584486174,
            "q75%": 27.654951760008476,
            "q99%": 47.60621190940311,
            "2sigma": [
                1.0096440803825024,
                44.95990721087369
            ],
            "q01%": 0.3077172497907537,
            "1sigma": [
                5.411553583091623,
                32.33922403388809
            ],
            "median": 17.858038839148268,
            "sigma": 13.463835225398231
        },
        {
            "3sigma": [
                0.03524054981110484,
                39.95695743581144
            ],
            "q10%": 2.6110225416221655,