{
    "nested sampling global log-evidence error": 0.36041918091509995,
    "marginals": [
        {
            "sigma": 13.29616465708466,
            "5sigma": [
                1855.0189864123195,
                1985.0600159643407
            ],
            "q25%": 1909.4157185017186,
            "3sigma": [
                1876.06780570131,
                1957.9121857286186
            ],
            "median": 1918.288874172375,
            "q10%": 1901.4815989083477,
            "q90%": 1935.991783791092,
            "q01%": 1884.4223994605475,
            "2sigma": [
                1891.989269633156,
                1944.6062028122637
            ],
            "1sigma": [
                1905.4825896388493,
                1932.0749189530186
            ],
            "q99%": 1948.7391190727008,
            "q75%": 1927.38856314143
        },
        {
            "sigma": 57.07703979872673,
            "5sigma": [
                -686.6308891194655,
                -123.55872272761972
            ],
            "q25%": -434.7993714721702,
            "3sigma": [
                -565.2563886366029,
                -213.05534053378213
            ],
            "median": -395.7602150201776,
            "q10%": -471.6442852218165,
            "q90%": -323.31054320522685,
            "q01%": -526.7079629651639,
            "2sigma": [
                -508.0014911323814,
                -282.7374787394741
            ],
            "1sigma": [
                -455.0855578852111,
                -340.9314782877576
            ],
            "q99%": -248.82836983698394,
            "q75%": -357.76801446262255
        },
        {
            "sigma": 90.58861751841567,
            "5sigma": [
                105.27008980232203,
                1005.6328721928827
            ],
            "q25%": 478.3985612235284,
            "3sigma": [
                246.79312879676252,
                806.5412127152306
            ],
            "median": 538.8188791445518,
            "q10%": 423.3358740756381,
            "q90%": 657.9404272782738,
            "q01%": 307.53477223338626,
            "2sigma": [
                358.96783428564527,
                718.4742713720947
            ],
            "1sigma": [
                451.538822705233,
                632.7160577420643
            ],
            "q99%": 745.6396759512982,
            "q75%": 600.3936171780215
        },
        {
            "sigma": 63.58107014401557,
            "5sigma": [
                -771.7009968643011,
                -138.47420974964913
            ],
            "q25%": -483.9762530205662,
            "3sigma": [
                -628.906081065212,
                -236.69736861052417
            ],
            "median": -440.7844079195741,
            "q10%": -523.8505487131606,
            "q90%": -360.1738298142808,
            "q01%": -585.6989566431415,
            "2sigma": [
                -566.5806485389519,
                -316.2089280963644
            ],
            "1sigma": [
                -506.60511207391664,
                -379.4429717858855
            ],
            "q99%": -278.4813733153549,
            "q75%": -398.71073013951974
        },
        {
            "sigma": 16.40179661678315,
            "5sigma": [
                51.824455499669995,
                216.2369833471053
            ],
            "q25%": 119.02474990741145,
            "3sigma": [
                77.10704407833171,
                178.71118568407067
            ],
            "median": 129.962287450606,
            "q10%": 109.12888982334336,
            "q90%": 151.39119870832587,
            "q01%": 88.31353826967143,
            "2sigma": [
                97.809099315504,
                162.57351457627325
            ],
            "1sigma": [
                114.1043479727219,
                146.9079412062882
            ],
            "q99%": 167.5877695770158,
            "q75%": 140.97925638927615
        },
        {
            "sigma": 0.008823257813756383,
            "5sigma": [
                0.09569892240704099,
                0.1861436505312331
            ],
            "q25%": 0.12309222851645438,
            "3sigma": [
                0.10656575101625616,
                0.16050662610396574
            ],
            "median": 0.12874420258543276,
            "q10%": 0.11856380865696843,
            "q90%": 0.14103638702438953,
            "q01%": 0.11159787946646885,
            "2sigma": [
                0.11379691173543932,
                0.14760040158970558
            ],
            "1sigma": [
                0.12053068934140926,
                0.13817720496892202
            ],
            "q99%": 0.15136632034534,
            "q75%": 0.13532024650542293
        }
    ],
    "nested sampling global log-evidence": 22.815428273507106,
    "global evidence error": 0.015839781486910707,
    "global evidence": 22.348786809662048,
    "nested importance sampling global log-evidence": 22.348786809662048,
    "modes": [
        {
            "strictly local log-evidence": 22.348786809662048,
            "index": 0,
            "maximum": [
                1919.9229206410637,
                -403.81755677295405,
                553.5061880931662,
                -452.7182143517239,
                133.4098289023459,
                0.12529209149015816
            ],
            "local log-evidence error": 0.015839781486910707,
            "sigma": [
                13.465400850570626,
                57.84391166640874,
                91.98517865888904,
                64.17200473055921,
                16.572782041319588,
                0.008804375386656462
            ],
            "maximum a posterior": [
                1919.9229206410637,
                -403.81755677295405,
                553.5061880931662,
                -452.7182143517239,
                133.4098289023459,
                0.12529209149015816
            ],
            "strictly local log-evidence error": 0.015839781486910707,
            "mean": [
                1918.34070426183,
                -395.8063251611276,
                538.7789711366136,
                -441.0373521413702,
                130.02909926773867,
                0.1293544482601356
            ],
            "local log-evidence": 22.348786809662048
        }
    ],
    "nested importance sampling global log-evidence error": 0.015839781486910707
}