{
    "modes": [
        {
            "index": 0,
            "maximum": [
                7.974348966642083,
                -2.387762485007215,
                -0.053251723185439914,
                -0.0009780872894680215,
                0.013189708045729276,
                0.4303948215450116,
                77.21301505596954,
                16.473203120415413
            ],
            "strictly local log-evidence": 71.29488399767762,
            "sigma": [
                6.963292058234326e-06,
                1.917109528971078e-05,
                0.00011542073777881287,
                0.0002760576089483916,
                0.0006230167961312137,
                0.019087272909099715,
                0.13502661512596212,
                0.46473921688669273
            ],
            "mean": [
                7.974344311982561,
                -2.387769423246449,
                -0.05316381335543481,
                -0.0008929593291954088,
                0.012889052132415571,
                0.41727749282566556,
                77.25071514123191,
                16.24478731496445
            ],
            "local log-evidence": 71.29488399767762,
            "strictly local log-evidence error": 0.011934183731516881,
            "local log-evidence error": 0.011934183731516881,
            "maximum a posterior": [
                7.974348966642083,
                -2.387762485007215,
                -0.053251723185439914,
                -0.0009780872894680215,
                0.013189708045729276,
                0.4303948215450116,
                77.21301505596954,
                16.473203120415413
            ]
        }
    ],
    "nested sampling global log-evidence": 73.2784676836867,
    "global evidence error": 0.011934183731516881,
    "nested sampling global log-evidence error": 0.5038202166323753,
    "nested importance sampling global log-evidence": 71.29488399767762,
    "nested importance sampling global log-evidence error": 0.011934183731516881,
    "global evidence": 71.29488399767762,
    "marginals": [
        {
            "1sigma": [
                7.974337434502455,
                7.974351308701184
            ],
            "q75%": 7.974348868379932,
            "q01%": 7.974329650527626,
            "3sigma": [
                7.97432442587785,
                7.9743678975968475
            ],
            "2sigma": [
                7.974331371203803,
                7.97435857479211
            ],
            "q25%": 7.974339426468044,
            "q10%": 7.974335592502152,
            "q99%": 7.974361914375398,
            "median": 7.974344065907334,
            "sigma": 6.937099364723309e-06,
            "q90%": 7.9743533882784075,
            "5sigma": [
                7.9743149625354945,
                7.974393503147922
            ]
        },
        {
            "1sigma": [
                -2.3877882310646776,
                -2.387750424963802
            ],
            "q75%": -2.3877566184568355,
            "q01%": -2.3878105343095877,
            "3sigma": [
                -2.3878215337730166,
                -2.387707423655148
            ],
            "2sigma": [
                -2.3878057789534495,
                -2.387728902852999
            ],
            "q25%": -2.3877825820923744,
            "q10%": -2.387793240279107,
            "q99%": -2.387722924447435,
            "median": -2.3877701181132034,
            "sigma": 1.8903050437835134e-05,
            "q90%": -2.3877445257584964,
            "5sigma": [
                -2.3878462063845016,
                -2.3876536958751866
            ]
        },
        {
            "1sigma": [
                -0.0532775833079585,
                -0.05305055139515191
            ],
            "q75%": -0.053084046416703355,
            "q01%": -0.05345171479482276,
            "3sigma": [
                -0.0535251823939583,
                -0.05284419025803948
            ],
            "2sigma": [
                -0.05339557602398149,
                -0.0529427648655081
            ],
            "q25%": -0.05324295956476952,
            "q10%": -0.053311849746086076,
            "q99%": -0.05290529445494933,
            "median": -0.05316093482892492,
            "sigma": 0.0001135159564032949,
            "q90%": -0.053017541656008686,
            "5sigma": [
                -0.053891212205096406,
                -0.05267159390517636
            ]
        },
        {
            "1sigma": [
                -0.0011655686726917888,
                -0.0006223526153666112
            ],
            "q75%": -0.0007054017795765949,
            "q01%": -0.0015608722024702526,
            "3sigma": [
                -0.0017644966295953287,
                -0.00015712726173085424
            ],
            "2sigma": [
                -0.0014716814379150225,
                -0.00037102629974922603
            ],
            "q25%": -0.0010777541705804488,
            "q10%": -0.0012476308374252197,
            "q99%": -0.000304368054881675,
            "median": -0.0008835763882404304,
            "sigma": 0.0002716080286625888,
            "q90%": -0.0005491724360199967,
            "5sigma": [
                -0.002534130287940867,
                0.0003050614997297841
            ]
        },
        {
            "1sigma": [
                0.01225239177680122,
                0.013524470627554285
            ],
            "q75%": 0.013300837326075912,
            "q01%": 0.011459873248099734,
            "3sigma": [
                0.011103555484808195,
                0.014709327886596265
            ],
            "2sigma": [
                0.011667720034363263,
                0.014118390853064645
            ],
            "q25%": 0.012462018749529492,
            "q10%": 0.012073634395323303,
            "q99%": 0.014314774491606765,
            "median": 0.012903751448851189,
            "sigma": 0.0006360394253765323,
            "q90%": 0.013690512148100437,
            "5sigma": [
                0.009834254734500189,
                0.01613925338773333
            ]
        },
        {
            "1sigma": [
                0.39845777580935887,
                0.4360762145042639
            ],
            "q75%": 0.4297951165026923,
            "q01%": 0.3768854910597837,
            "3sigma": [
                0.3651609092395946,
                0.48270240591414637
            ],
            "2sigma": [
                0.3819168758116864,
                0.4565391307588508
            ],
            "q25%": 0.4040473327526981,
            "q10%": 0.39365968471004614,
            "q99%": 0.4658016487760661,
            "median": 0.4164555263028178,
            "sigma": 0.018809219347452527,
            "q90%": 0.4423030176889345,
            "5sigma": [
                0.3373037579572185,
                0.5531764031296216
            ]
        },
        {
            "1sigma": [
                77.11770519809038,
                77.38354483758611
            ],
            "q75%": 77.339994562715,
            "q01%": 76.93769797454829,
            "3sigma": [
                76.85895232828864,
                77.61966872274745
            ],
            "2sigma": [
                76.97559930713604,
                77.51349383164828
            ],
            "q25%": 77.16181501826595,
            "q10%": 77.07381298460828,
            "q99%": 77.5606559539586,
            "median": 77.25069211964039,
            "sigma": 0.13291981974786893,
            "q90%": 77.42426824259664,