{
    "nested sampling global log-evidence error": 0.6850776358986592,
    "global evidence error": 0.0073943848362237104,
    "modes": [
        {
            "sigma": [
                8.82390350041249e-06,
                2.393861226726853e-05,
                0.00012790674689210101,
                0.00032699814766255065,
                0.0006820091254412168,
                9.770435842344469e-06,
                2.6092456615488635e-05,
                0.00014063848513516715,
                0.000353991746246283,
                0.000726902812413885,
                0.02526155125103267,
                0.128266968275253,
                0.48572907058067266
            ],
            "index": 0,
            "strictly local log-evidence error": 0.0073943848362237104,
            "local log-evidence": -83.37174399968566,
            "maximum": [
                8.018970798893633,
                -2.413667956799145,
                -0.05665230997828985,
                -0.0006323430916381767,
                0.004940644785619952,
                7.912689341657142,
                -2.358484795110826,
                -0.051070597877696855,
                -0.0063587685292532115,
                0.017451296384479065,
                0.5283570705640968,
                77.25224567627347,
                17.779400275982926
            ],
            "strictly local log-evidence": -83.37174399968566,
            "local log-evidence error": 0.0073943848362237104,
            "maximum a posterior": [
                8.018970798893633,
                -2.413667956799145,
                -0.05665230997828985,
                -0.0006323430916381767,
                0.004940644785619952,
                7.912689341657142,
                -2.358484795110826,
                -0.051070597877696855,
                -0.0063587685292532115,
                0.017451296384479065,
                0.5283570705640968,
                77.25224567627347,
                17.779400275982926
            ],
            "mean": [
                8.018967806982152,
                -2.413673807643232,
                -0.05659208684084721,
                -0.0005482429251038599,
                0.004761554274106188,
                7.91268705158772,
                -2.3584963415624656,
                -0.05102488636343566,
                -0.006187780295206948,
                0.017469235145078955,
                0.5203481239443842,
                77.2644483866701,
                17.705153046158408
            ]
        }
    ],
    "nested importance sampling global log-evidence error": 0.0073943848362237104,
    "marginals": [
        {
            "5sigma": [
                8.018934034143676,
                8.019018057099695
            ],
            "2sigma": [
                8.018952133546726,
                8.01898616405191
            ],
            "median": 8.018967138426047,
            "q25%": 8.018961617185644,
            "q90%": 8.018979375004024,
            "sigma": 8.822308135592039e-06,
            "q10%": 8.018956806759586,
            "q99%": 8.018990415049746,
            "1sigma": [
                8.0189590556718,
                8.018976700288071
            ],
            "q75%": 8.018973303021117,
            "3sigma": [
                8.01894431856002,
                8.018999562802788
            ],
            "q01%": 8.018949617563104
        },
        {
            "5sigma": [
                -2.413765987674588,
                -2.413534637238498
            ],
            "2sigma": [
                -2.4137179754667044,
                -2.4136243331892078
            ],
            "median": -2.4136751589254404,
            "q25%": -2.413690578455419,
            "q90%": -2.4136420385445763,
            "sigma": 2.389119164281084e-05,
            "q10%": -2.4137032619131458,
            "q99%": -2.413614536704785,
            "1sigma": [
                -2.4136973536853383,
                -2.4136495713020527
            ],
            "q75%": -2.4136581755576048,
            "3sigma": [
                -2.413739971560606,
                -2.413592275224355
            ],
            "q01%": -2.413725834180264
        },
        {
            "5sigma": [
                -0.057333662744765965,
                -0.05600930697817707
            ],
            "2sigma": [
                -0.05685249766584767,
                -0.056353249710048174
            ],
            "median": -0.056585367855077444,
            "q25%": -0.05667663032415932,
            "q90%": -0.05643324467325024,
            "sigma": 0.00012698036954364444,
            "q10%": -0.056759921508833605,
            "q99%": -0.05631544691637393,
            "1sigma": [
                -0.05672255337004271,
                -0.05646859263095542
            ],
            "q75%": -0.056505603330041565,
            "3sigma": [
                -0.057026674155328125,
                -0.05621958597918839
            ],
            "q01%": -0.05691198251080124
        },
        {
            "5sigma": [
                -0.0023011256489229507,
                0.000692458467210446
            ],
            "2sigma": [
                -0.001216265936386792,
                5.792143804751847e-05
            ],
            "median": -0.0005347078694480415,
            "q25%": -0.0007633718779824395,
            "q90%": -0.00014293536529344446,
            "sigma": 0.0003307104290639746,
            "q10%": -0.000977028506702538,
            "q99%": 0.00017927157330181889,
            "1sigma": [
                -0.0008826160053580403,
                -0.00022119514723009103
            ],
            "q75%": -0.00031900131385551207,
            "3sigma": [
                -0.0015843467200497435,
                0.0003900067933409106
            ],
            "q01%": -0.001338134332662089
        },
        {
            "5sigma": [
                0.0015445161215145503,
                0.008026479364432569
            ],
            "2sigma": [
                0.003417469257737671,
                0.006088811787716097
            ],
            "median": 0.004758328084201946,
            "q25%": 0.0043034158982095845,
            "q90%": 0.005642067857151086,
            "sigma": 0.0006790132874350389,
            "q10%": 0.0039031276611968166,
            "q99%": 0.006336967630502574,
            "1sigma": [
                0.0040800998622110745,
                0.005438126437081152
            ],
            "q75%": 0.005213572215906615,
            "3sigma": [
                0.0026329403041112443,
                0.006777869943701933
            ],
            "q01%": 0.003183351652307507
        },
        {
            "5sigma": [
                7.912651210844445,
                7.912743249746063
            ],
            "2sigma": [
                7.912669565190159,
                7.912707391730437
            ],
            "median": 7.912686258253976,
            "q25%": 7.912680230922792,
            "q90%": 7.912699507871588,
            "sigma": 9.8043759151345e-06,
            "q10%": 7.912675103134256,
            "q99%": 7.912712723364867,
            "1sigma": [
                7.912677393774665,
                7.912697002526495
            ],
            "q75%": 7.912693216678272,
            "3sigma": [
                7.912660815319428,
                7.91272160071418
            ],
            "q01%": 7.912666532120043
        },
        {
            "5sigma": [
                -2.3586120316576342,
                -2.35834685743975
            ],
            "2sigma": [
                -2.358544252462354,
                -2.3584416754071946
            ],
            "median": -2.3584978480699914,